v,k,lambda,mu,r,f,s,g,comp_k,comp_lambda,comp_mu,V1,V2,V3,V4,V5,P,grade,representations,reason,NL
96,35,10,14,3,63,-7,32,60,38,36,6/6,4/4,1/9,4/4,4/4,,H,"proof (3,-1,1)_33 [V1,V4,V5]; V3 (3,-1,2)_33","ph ∈ {3,7} vs d = 33 (§5)",
105,40,15,15,5,48,-5,56,64,38,40,6/6,4/4,1/8,4/4,4/4,,C2,"V1 (-5,1,1)_49; V3 (5,-1,2)_57",no admissible module,
112,36,10,12,4,63,-6,48,75,50,50,6/6,4/4,1/9,4/4,4/4,,C2,"V1 (4,-1,2)_49; V3 (4,-1,1)_49",no admissible module,
120,34,8,10,4,68,-6,51,85,60,60,6/6,2/2,2/10,2/2,2/2,,C2,"V1 (4,-1,2)_52; V3 (-6,1,0)_69",no admissible module,
120,35,10,10,5,56,-5,63,84,58,60,6/6,2/2,2/9,2/2,2/2,,C2,"V1 (-5,1,1)_57; V3 (-5,1,0)_57",no admissible module,
133,32,6,8,4,76,-6,56,100,75,75,6/6,2/2,1/8,2/2,2/2,,C2,"V1 (4,-1,2)_57; V3 (-6,1,1)_77",no admissible module,
169,42,5,12,3,126,-10,42,126,95,90,6/6,2/2,6/8,2/2,2/2,yes,H,"proof (-10,13,-4)_126 [V3,P]; V1 (3,-1,1)_43","parity, ℓ = 13², n = 126 (§5)",NL_3(13); NL_9(13)
169,70,27,30,5,98,-8,70,98,57,56,6/6,2/2,4/8,2/2,2/2,yes,H,"proof (5,-13,5)_70 [V3,P]; V1 (5,-1,1)_71","parity, ℓ = 169, n = 98",NL_5(13); NL_7(13)
176,25,0,4,3,120,-7,55,150,128,126,6/6,2/2,1/10,2/2,2/2,,H,"proof (3,-1,1)_56 [V1,V4,V5]; V3 (-7,1,1)_121","ph ∈ {2,6} vs d = 56 (§5)",
209,52,15,12,8,76,-5,132,156,115,120,6/6,2/2,1/8,2/2,2/2,,C2,"V1 (-5,1,1)_77; V3 (8,-1,2)_133",no admissible module,
235,52,9,12,5,140,-8,94,182,141,140,5/5,2/2,3/8,2/2,2/2,yes,H,"proof (5,-5,1)_94 [V3,P]; V1 (5,-1,1)_95","parity, ℓ = 65, n = 94",
289,90,23,30,5,198,-12,90,198,137,132,3/3,2/2,3/8,2/2,2/2,yes,H,"proof (5,-17,5)_90 [V3,P]; V1 (5,-1,1)_91","parity, ℓ = 289, n = 198",NL_5(17); NL_11(17)
289,126,53,56,7,162,-10,126,162,91,90,2/2,2/2,7/8,2/2,2/2,yes,H,"proof (7,-17,7)_126 [V3,P]; V1 (7,-1,1)_127","parity, ℓ = 289, n = 162",NL_7(17); NL_9(17)
300,26,4,2,6,117,-4,182,273,248,252,2/2,1/1,2/10,2/2,2/2,,H,"proof (-4,1,0)_118 [V1,V3,V4,V5]","ph ∈ {0,4} vs d = 118 (§5.4)",
352,26,0,2,4,208,-6,143,325,300,300,2/2,1/1,1/10,2/2,2/2,,C2,"V1 (4,-1,2)_144; V3 (-6,1,0)_209",no admissible module,
375,154,53,70,4,308,-21,66,220,135,120,2/2,,2/8,2/2,2/2,yes,H,"proof (4,-5,2)_66 [V3,P]; V1 (4,-1,2)_67","parity, ℓ = 125, n = 66",
375,170,85,70,20,68,-5,306,204,103,120,2/2,2/2,2/8,2/2,2/2,yes,H,"proof (20,-5,2)_306 [V3,P]; V1 (-5,1,1)_69","parity, ℓ = 125, n = 306",
391,140,39,56,4,322,-21,68,250,165,150,2/2,,1/8,2/2,2/2,yes,H,"proof (-21,17,-7)_322 [V3,P]; V1 (4,-1,2)_69","parity, ℓ = 425, n = 322",
391,182,93,77,21,68,-5,322,208,102,120,2/2,2/2,1/8,2/2,2/2,,C2,"V1 (-5,1,1)_69; V3 (21,-17,7)_322",no admissible module,
430,39,8,3,9,129,-4,300,390,353,360,2/2,2/2,5/9,2/2,2/2,,H,"proof (-4,1,0)_130 [V1,V3,V4,V5]","ph ∈ {0,4} vs d = 130 (§5.4)",
441,190,89,76,19,98,-6,342,250,135,150,2/2,2/2,2/8,2/2,2/2,,C2,"V1 (-6,1,0)_99; V3 (-6,1,0)_99",no admissible module,
456,130,24,42,4,380,-22,75,325,236,220,1/1,,2/10,1/1,1/1,,C2,"V1 (-22,1,0)_381; V3 (-22,1,0)_381",no admissible module,
456,195,74,90,5,360,-21,95,260,154,140,2/2,2/2,1/9,2/2,2/2,,C2,"V1 (5,-1,1)_96; V3 (-21,1,0)_361",no admissible module,
494,85,12,15,7,285,-10,208,408,337,336,2/2,,4/9,2/2,2/2,,C2,"V1 (7,-1,1)_209; V3 (7,-1,1)_209",no admissible module,
507,44,1,4,5,308,-8,198,462,421,420,2/2,2/2,3/8,2/2,2/2,yes,H,"proof (5,-13,1)_198 [V3,P]; V1 (5,-1,1)_199","parity, ℓ = 169, n = 198",
507,138,49,33,21,92,-5,414,368,262,280,2/2,2/2,1/8,2/2,2/2,,C2,"V1 (-5,1,1)_93; V3 (21,-13,3)_414",no admissible module,
507,240,106,120,6,380,-20,126,266,145,133,2/2,2/2,3/8,2/2,2/2,,C2,"V1 (6,-1,2)_127; V3 (6,-13,6)_126",no admissible module,
508,234,100,114,6,381,-20,126,273,152,140,1/1,,2/10,1/1,1/1,,C2,"V1 (-20,1,0)_382; V3 (6,-1,2)_127",no admissible module,
508,247,126,114,19,127,-7,380,260,126,140,2/2,2/2,0/9,2/2,2/2,,H,"proof (-7,1,1)_128 [V1,V4,V5]","ph ∈ {2,6} vs d = 128 (§5.4)",
560,247,102,114,7,399,-19,160,312,178,168,2/2,1/1,1/9,2/2,2/2,,C2,"V1 (7,-1,1)_161; V3 (7,-1,1)_161",no admissible module,
616,205,90,57,37,55,-4,560,410,261,296,2/2,,2/9,2/2,2/2,,H,"proof (-4,1,0)_56 [V1,V4,V5]; V3 (37,-1,1)_561","ph ∈ {2,6} vs d = 56 (§5.4)",
625,130,15,30,5,494,-20,130,494,393,380,2/2,2/2,4/8,2/2,2/2,yes,H,"proof (5,-5,1)_130 [V3,P]; V1 (5,-1,1)_131","parity, ℓ = 625, n = 494",NL_5(25); NL_19(25)
625,182,45,56,7,442,-18,182,442,315,306,2/2,,6/8,2/2,2/2,yes,H,"proof (7,-25,7)_182 [V3,P]; V1 (7,-1,1)_183","parity, ℓ = 625, n = 442",NL_7(25); NL_17(25)
625,234,83,90,9,390,-16,234,390,245,240,2/2,2/2,6/8,2/2,2/2,yes,H,"proof (9,-25,9)_234 [V3,P]; V1 (9,-1,1)_235","parity, ℓ = 125, n = 390",NL_9(25); NL_15(25)
625,286,129,132,11,338,-14,286,338,183,182,2/2,2/2,3/8,2/2,2/2,yes,H,"proof (11,-25,11)_286 [V3,P]; V1 (11,-1,1)_287","parity, ℓ = 625, n = 338",NL_11(25); NL_13(25)
630,68,1,8,5,440,-12,189,561,500,495,2/2,2/2,5/9,2/2,2/2,,C2,"V1 (5,-1,1)_190; V3 (5,-10,1)_189",no admissible module,
664,170,24,50,4,580,-30,83,493,372,348,2/2,2/2,1/10,2/2,2/2,,C2,"V1 (4,-1,2)_84; V3 (-30,1,0)_581",no admissible module,
690,260,94,100,10,414,-16,275,429,268,264,1/1,,1/9,1/1,1/1,,C2,"V1 (-16,1,0)_415; V3 (-16,5,-2)_414",no admissible module,
690,318,121,168,3,644,-50,45,371,220,175,2/2,1/1,4/9,2/2,2/2,,H,"proof (3,-1,1)_46 [V1,V3,V4,V5]","ph ∈ {0,4} vs d = 46 (§5.4)",
715,272,102,104,12,374,-14,340,442,273,273,2/2,,1/8,2/2,2/2,,C2,"V1 (12,-1,2)_341; V3 (-14,5,-2)_374",no admissible module,
721,220,69,66,14,308,-11,412,500,345,350,2/2,,2/8,2/2,2/2,,C2,"V1 (-11,1,1)_309; V3 (-11,1,1)_309",no admissible module,
732,238,92,70,28,122,-6,609,493,324,348,2/2,,1/10,2/2,2/2,,C2,"V1 (-6,1,0)_123; V3 (-6,1,0)_123",no admissible module,
741,260,91,91,13,360,-13,380,480,310,312,2/2,,1/8,2/2,2/2,,C2,"V1 (-13,1,1)_361; V3 (13,-1,2)_381",no admissible module,
750,210,55,60,10,441,-15,308,539,388,385,2/2,,3/9,2/2,2/2,,C2,"V1 (10,-1,2)_309; V3 (10,-1,2)_309",no admissible module,
750,214,63,60,14,321,-11,428,535,380,385,2/2,2/2,3/9,2/2,2/2,,C2,"V1 (-11,1,1)_322; V3 (-11,10,-3)_321",no admissible module,
760,252,82,84,12,399,-14,360,507,338,338,2/2,,,2/2,2/2,,C2,"V1 (12,-1,2)_361; V4 (12,-1,2)_361",no admissible module,
780,246,76,78,12,410,-14,369,533,364,364,2/2,2/2,2/10,2/2,2/2,,C2,"V1 (12,-1,2)_370; V3 (12,-1,2)_370",no admissible module,
780,247,78,78,13,380,-13,399,532,362,364,2/2,,,2/2,2/2,,C2,"V1 (-13,1,1)_381; V4 (-13,1,1)_381",no admissible module,
780,369,158,189,5,675,-36,104,410,229,200,2/2,1/1,2/9,2/2,2/2,,C2,"V1 (5,-1,1)_105; V3 (5,-1,1)_105",no admissible module,
836,375,190,150,45,76,-5,759,460,234,276,2/2,2/2,1/9,2/2,2/2,,C2,"V1 (-5,1,1)_77; V3 (-5,1,1)_77",no admissible module,
841,150,11,30,5,690,-24,150,690,569,552,2/2,,3/8,2/2,2/2,yes,H,"proof (5,-29,5)_150 [V3,P]; V1 (5,-1,1)_151","parity, ℓ = 841, n = 690",NL_5(29); NL_23(29)
841,210,41,56,7,630,-22,210,630,475,462,2/2,,5/8,2/2,2/2,yes,H,"proof (7,-29,7)_210 [V3,P]; V1 (7,-1,1)_211","parity, ℓ = 841, n = 630",NL_7(29); NL_21(29)
841,270,79,90,9,570,-20,270,570,389,380,2/2,,6/8,2/2,2/2,yes,H,"proof (9,-29,9)_270 [V3,P]; V1 (9,-1,1)_271","parity, ℓ = 841, n = 570",NL_9(29); NL_19(29)
841,330,125,132,11,510,-18,330,510,311,306,2/2,,5/8,2/2,2/2,yes,H,"proof (11,-29,11)_330 [V3,P]; V1 (11,-1,1)_331","parity, ℓ = 841, n = 510",NL_11(29); NL_17(29)
841,390,179,182,13,450,-16,390,450,241,240,2/2,,4/8,2/2,2/2,yes,H,"proof (13,-29,13)_390 [V3,P]; V1 (13,-1,1)_391","parity, ℓ = 841, n = 450",NL_13(29); NL_15(29)
871,348,137,140,13,468,-16,402,522,313,312,2/2,,3/8,2/2,2/2,yes,H,"proof (13,-13,5)_402 [V3,P]; V1 (13,-1,1)_403","parity, ℓ = 377, n = 402",
875,184,33,40,9,552,-16,322,690,545,540,2/2,2/2,5/8,2/2,2/2,yes,H,"proof (9,-5,1)_322 [V3,P]; V1 (9,-1,1)_323","parity, ℓ = 125, n = 322",
875,304,78,120,4,798,-46,76,570,385,345,2/2,2/2,1/8,2/2,2/2,,C2,"V1 (4,-1,2)_77; V3 (-46,5,-2)_798",no admissible module,
931,180,29,36,9,588,-16,342,750,605,600,2/2,,,2/2,2/2,,C2,"V1 (9,-1,1)_343; V4 (9,-1,1)_343",no admissible module,
1026,451,212,187,33,189,-8,836,574,309,336,2/2,,,2/2,2/2,,C2,"V1 (-8,1,0)_190; V4 (-8,1,0)_190",no admissible module,
1072,391,150,138,23,335,-11,736,680,426,440,2/2,,0/9,2/2,2/2,,H,"proof (-11,1,1)_336 [V1,V4,V5]","ph ∈ {2,6} vs d = 336 (§5.4)",
1140,391,126,138,11,759,-23,380,748,494,484,2/2,,,2/2,2/2,,C2,"V1 (11,-1,1)_381; V4 (11,-1,1)_381",no admissible module,
1148,481,210,195,26,328,-11,819,666,379,396,1/1,,,1/1,1/1,,C2,"V1 (-11,1,1)_329; V4 (-11,1,1)_329",no admissible module,
1183,192,26,32,10,720,-16,462,990,829,825,2/2,,,2/2,2/2,,C2,"V1 (10,-1,2)_463; V4 (10,-1,2)_463",no admissible module,
1190,492,202,204,16,615,-18,574,697,408,408,2/2,,,2/2,2/2,,C2,"V1 (16,-1,2)_575; V4 (16,-1,2)_575",no admissible module,
1190,493,204,204,17,580,-17,609,696,406,408,2/2,,,2/2,2/2,,C2,"V1 (-17,1,1)_581; V4 (-17,1,1)_581",no admissible module,
1236,195,34,30,15,515,-11,720,1040,874,880,2/2,,,2/2,2/2,,C2,"V1 (-11,1,1)_516; V4 (-11,1,1)_516",no admissible module,
1248,203,22,35,8,896,-21,351,1044,875,864,2/2,,,2/2,2/2,,C2,"V1 (8,-1,2)_352; V4 (8,-1,2)_352",no admissible module,
1276,204,14,36,6,1044,-28,231,1071,902,882,1/1,,,1/1,1/1,,C2,"V1 (-28,1,0)_1045; V4 (-28,1,0)_1045",no admissible module,
1288,195,26,30,11,735,-15,552,1092,926,924,1/1,,,1/1,1/1,,C2,"V1 (11,-1,1)_553; V4 (11,-1,1)_553",no admissible module,
